{
  "runs": [
    {
      "run": "cross_session_ridge",
      "model": null,
      "target_dim_count": 33,
      "val_r": 0.2601544605426942,
      "test_r": 0.2054480118394801,
      "test_mae": 33.893310546875,
      "test_rmse": 40.91431999206543
    },
    {
      "run": "cross_session_xgboost",
      "model": "xgboost(8 trees)",
      "target_dim_count": 33,
      "val_r": 0.2583232518289041,
      "test_r": 0.21472019911038154,
      "test_mae": 33.5832576751709,
      "test_rmse": 40.037776947021484
    },
    {
      "run": "upper_bound_ridge",
      "model": null,
      "target_dim_count": 33,
      "val_r": 0.23260657745197896,
      "test_r": 0.2660044597041235,
      "test_mae": 32.11861334906684,
      "test_rmse": 40.62399991353353
    },
    {
      "run": "upper_bound_xgboost",
      "model": "xgboost(8 trees)",
      "target_dim_count": 33,
      "val_r": 0.25549144225994863,
      "test_r": 0.26830003609894915,
      "test_mae": 34.8632427851359,
      "test_rmse": 41.2269532945421
    }
  ],
  "axis_summary": {
    "cross_session_ridge": {
      "x": {
        "r": 0.10724389671602032,
        "mae": 29.637589606371794,
        "rmse": 35.81143383546309,
        "gain": 0.3646425130692395,
        "bias": -16.46024268594655
      },
      "y": {
        "r": 0.2900556427511302,
        "mae": 58.34040442380038,
        "rmse": 69.6486612666737,
        "gain": 0.4446510523557663,
        "bias": 3.623520776629448
      },
      "z": {
        "r": 0.2190444960512898,
        "mae": 13.701932235197587,
        "rmse": 17.28286530754783,
        "gain": 0.423194791782986,
        "bias": -2.2862621268088166
      }
    },
    "cross_session_xgboost": {
      "x": {
        "r": 0.087532687085596,
        "mae": 24.98120058666576,
        "rmse": 31.388262488625266,
        "gain": 0.0574401950632984,
        "bias": -10.067155379463326
      },
      "y": {
        "r": 0.31931686198169534,
        "mae": 61.186077334664084,
        "rmse": 70.65169845927845,
        "gain": 0.07482685521245003,
        "bias": 1.0877021063457837
      },
      "z": {
        "r": 0.23731104826385324,
        "mae": 14.582497119903564,
        "rmse": 18.073374379764903,
        "gain": 0.07443811371922493,
        "bias": -1.6761076308109544
      }
    },
    "upper_bound_ridge": {
      "x": {
        "r": 0.16267156975245048,
        "mae": 23.662431755451237,
        "rmse": 30.683800249388728,
        "gain": 0.4979467735146031,
        "bias": 1.797634794207459
      },
      "y": {
        "r": 0.34802324111535765,
        "mae": 58.513748332707564,
        "rmse": 73.02328061094188,
        "gain": 0.6531828760799736,
        "bias": -1.2984312443683543
      },
      "z": {
        "r": 0.2873185682445624,
        "mae": 14.17966054665922,
        "rmse": 18.164917902512983,
        "gain": 0.59486048480477,
        "bias": 0.11255041265276948
      }
    },
    "upper_bound_xgboost": {
      "x": {
        "r": 0.14376518143355058,
        "mae": 29.18563968003398,
        "rmse": 35.77404086035911,
        "gain": 0.05162258734079925,
        "bias": 3.4772743910852104
      },
      "y": {
        "r": 0.3674345789406674,
        "mae": 60.78567094995519,
        "rmse": 69.95227152891833,
        "gain": 0.08032622357661073,
        "bias": -1.971886504102837
      },
      "z": {
        "r": 0.29370034792262945,
        "mae": 14.618418014410771,
        "rmse": 17.954549960415775,
        "gain": 0.07398048555008088,
        "bias": -0.24007891916265398
      }
    }
  },
  "best_axis_by_run": {
    "cross_session_ridge": {
      "axis": "y",
      "r": 0.2900556427511302,
      "mae": 58.34040442380038,
      "rmse": 69.6486612666737,
      "gain": 0.4446510523557663,
      "bias": 3.623520776629448
    },
    "cross_session_xgboost": {
      "axis": "y",
      "r": 0.31931686198169534,
      "mae": 61.186077334664084,
      "rmse": 70.65169845927845,
      "gain": 0.07482685521245003,
      "bias": 1.0877021063457837
    },
    "upper_bound_ridge": {
      "axis": "y",
      "r": 0.34802324111535765,
      "mae": 58.513748332707564,
      "rmse": 73.02328061094188,
      "gain": 0.6531828760799736,
      "bias": -1.2984312443683543
    },
    "upper_bound_xgboost": {
      "axis": "y",
      "r": 0.3674345789406674,
      "mae": 60.78567094995519,
      "rmse": 69.95227152891833,
      "gain": 0.08032622357661073,
      "bias": -1.971886504102837
    }
  }
}